-- ============================================================
-- InsureFlow Full Seed Script — Run in Supabase SQL Editor
-- Step 2 of 2: Run AFTER 004_rls_fix.sql
-- ============================================================

-- 1. Seed roles
insert into public.roles (role_key, role_label) values
  ('super_admin',     'Super Admin'),
  ('carrier_admin',   'Carrier Admin'),
  ('underwriter',     'Underwriter'),
  ('claims_adjuster', 'Claims Adjuster'),
  ('agent',           'Agent'),
  ('policyholder',    'Policyholder')
on conflict (role_key) do nothing;

-- 2. Seed organizations
insert into public.organizations (id, name, slug, org_type, state_code) values
  ('a1000000-0000-0000-0000-000000000001', 'Atlas Regional Insurance', 'atlas-regional', 'carrier', 'CA'),
  ('a2000000-0000-0000-0000-000000000002', 'North Ridge MGA',          'north-ridge-mga', 'mga',    'TX')
on conflict (slug) do nothing;

-- 3. Seed agents
insert into public.agents (id, organization_id, full_name, email, phone, npn, commission_rate) values
  ('b1000000-0000-0000-0000-000000000001','a1000000-0000-0000-0000-000000000001','James Archer',     'james.archer@atlas.demo',   '555-101-0001','NPN-100001',0.10),
  ('b1000000-0000-0000-0000-000000000002','a1000000-0000-0000-0000-000000000001','Maria Santos',     'maria.santos@atlas.demo',   '555-101-0002','NPN-100002',0.11),
  ('b1000000-0000-0000-0000-000000000003','a1000000-0000-0000-0000-000000000001','David Kim',        'david.kim@atlas.demo',      '555-101-0003','NPN-100003',0.12),
  ('b1000000-0000-0000-0000-000000000004','a1000000-0000-0000-0000-000000000001','Rachel Nguyen',    'rachel.nguyen@atlas.demo',  '555-101-0004','NPN-100004',0.10),
  ('b1000000-0000-0000-0000-000000000005','a1000000-0000-0000-0000-000000000001','Carlos Rivera',    'carlos.rivera@atlas.demo',  '555-101-0005','NPN-100005',0.11),
  ('b1000000-0000-0000-0000-000000000006','a2000000-0000-0000-0000-000000000002','Ashley Park',      'ashley.park@nrmga.demo',    '555-102-0001','NPN-200001',0.10),
  ('b1000000-0000-0000-0000-000000000007','a2000000-0000-0000-0000-000000000002','Brian Thompson',   'brian.t@nrmga.demo',        '555-102-0002','NPN-200002',0.12),
  ('b1000000-0000-0000-0000-000000000008','a2000000-0000-0000-0000-000000000002','Priya Sharma',     'priya.s@nrmga.demo',        '555-102-0003','NPN-200003',0.11),
  ('b1000000-0000-0000-0000-000000000009','a1000000-0000-0000-0000-000000000001','Tom Wallace',      'tom.w@atlas.demo',          '555-101-0009','NPN-100009',0.10),
  ('b1000000-0000-0000-0000-000000000010','a1000000-0000-0000-0000-000000000001','Linda Chen',       'linda.c@atlas.demo',        '555-101-0010','NPN-100010',0.13)
on conflict (id) do nothing;

-- 4. Seed policyholders (20 realistic ones)
insert into public.policyholders (id, organization_id, full_name, email, phone, date_of_birth, address_line_1, city, state_code, postal_code, line_of_business) values
  ('c1000000-0000-0000-0000-000000000001','a1000000-0000-0000-0000-000000000001','Robert Patel',      'r.patel@email.demo',   '555-200-0001','1985-04-12','4820 Oak Dr',       'Los Angeles',  'CA','90001','homeowners'),
  ('c1000000-0000-0000-0000-000000000002','a1000000-0000-0000-0000-000000000001','Jennifer Lopez',    'j.lopez@email.demo',   '555-200-0002','1990-07-22','1201 Maple Ave',    'San Francisco','CA','94102','personal_auto'),
  ('c1000000-0000-0000-0000-000000000003','a1000000-0000-0000-0000-000000000001','Michael Chen',      'm.chen@email.demo',    '555-200-0003','1978-11-03','300 Pine St',       'San Diego',    'CA','92101','homeowners'),
  ('c1000000-0000-0000-0000-000000000004','a1000000-0000-0000-0000-000000000001','Sarah Johnson',     's.johnson@email.demo', '555-200-0004','1995-02-14','876 Cedar Blvd',    'Oakland',      'CA','94601','personal_auto'),
  ('c1000000-0000-0000-0000-000000000005','a1000000-0000-0000-0000-000000000001','Kevin Williams',    'k.williams@email.demo','555-200-0005','1982-09-30','2200 Elm St',       'Sacramento',   'CA','95814','homeowners'),
  ('c1000000-0000-0000-0000-000000000006','a1000000-0000-0000-0000-000000000001','Amanda Davis',      'a.davis@email.demo',   '555-200-0006','1988-05-18','515 Birch Lane',    'Fresno',       'CA','93701','personal_auto'),
  ('c1000000-0000-0000-0000-000000000007','a1000000-0000-0000-0000-000000000001','James Martinez',    'j.martinez@email.demo','555-200-0007','1975-12-08','990 Willow Way',    'Long Beach',   'CA','90802','homeowners'),
  ('c1000000-0000-0000-0000-000000000008','a1000000-0000-0000-0000-000000000001','Lisa Thompson',     'l.thompson@email.demo','555-200-0008','1993-03-25','710 Spruce Ct',     'Anaheim',      'CA','92801','personal_auto'),
  ('c1000000-0000-0000-0000-000000000009','a1000000-0000-0000-0000-000000000001','Daniel Wilson',     'd.wilson@email.demo',  '555-200-0009','1980-08-17','333 Magnolia Rd',   'Riverside',    'CA','92501','homeowners'),
  ('c1000000-0000-0000-0000-000000000010','a1000000-0000-0000-0000-000000000001','Patricia Moore',    'p.moore@email.demo',   '555-200-0010','1997-01-05','45 Sequoia Blvd',   'Santa Ana',    'CA','92701','personal_auto'),
  ('c1000000-0000-0000-0000-000000000011','a2000000-0000-0000-0000-000000000002','Thomas Anderson',   't.anderson@email.demo','555-200-0011','1983-06-14','1802 Main St',      'Houston',      'TX','77001','homeowners'),
  ('c1000000-0000-0000-0000-000000000012','a2000000-0000-0000-0000-000000000002','Jessica Taylor',    'j.taylor@email.demo',  '555-200-0012','1991-10-28','4411 Westheimer Rd','Dallas',       'TX','75201','personal_auto'),
  ('c1000000-0000-0000-0000-000000000013','a2000000-0000-0000-0000-000000000002','Christopher Harris','c.harris@email.demo',  '555-200-0013','1977-04-02','900 Travis St',     'Austin',       'TX','78701','homeowners'),
  ('c1000000-0000-0000-0000-000000000014','a2000000-0000-0000-0000-000000000002','Stephanie Brown',   's.brown@email.demo',   '555-200-0014','1989-09-11','6000 Lamar Blvd',   'San Antonio',  'TX','78201','personal_auto'),
  ('c1000000-0000-0000-0000-000000000015','a2000000-0000-0000-0000-000000000002','Andrew Jackson',    'a.jackson@email.demo', '555-200-0015','1972-12-23','200 Congress Ave',  'Fort Worth',   'TX','76101','homeowners'),
  ('c1000000-0000-0000-0000-000000000016','a1000000-0000-0000-0000-000000000001','Michelle Garcia',   'm.garcia@email.demo',  '555-200-0016','1986-07-07','1055 Harbor Blvd',  'Torrance',     'CA','90501','personal_auto'),
  ('c1000000-0000-0000-0000-000000000017','a1000000-0000-0000-0000-000000000001','Steven Lee',        's.lee@email.demo',     '555-200-0017','1994-02-20','307 Venice Blvd',   'Culver City',  'CA','90232','homeowners'),
  ('c1000000-0000-0000-0000-000000000018','a1000000-0000-0000-0000-000000000001','Karen Robinson',    'k.robinson@email.demo','555-200-0018','1979-11-16','800 Rosecrans Ave',  'Compton',      'CA','90222','personal_auto'),
  ('c1000000-0000-0000-0000-000000000019','a2000000-0000-0000-0000-000000000002','Donald White',      'd.white@email.demo',   '555-200-0019','1968-03-30','5500 Westpark Dr',  'El Paso',      'TX','79901','homeowners'),
  ('c1000000-0000-0000-0000-000000000020','a2000000-0000-0000-0000-000000000002','Sandra Clark',      's.clark@email.demo',   '555-200-0020','1992-08-04','1300 Commerce St',  'Lubbock',      'TX','79401','personal_auto')
on conflict (id) do nothing;

-- 5. Seed policies (30 across all statuses)
insert into public.policies (id, organization_id, policy_number, status, product, agent_id, policyholder_id, effective_date, expiration_date, written_premium) values
  ('d1000000-0000-0000-0000-000000000001','a1000000-0000-0000-0000-000000000001','IF-000001','active',       'personal_auto','b1000000-0000-0000-0000-000000000001','c1000000-0000-0000-0000-000000000002','2025-01-01','2026-01-01',1284.00),
  ('d1000000-0000-0000-0000-000000000002','a1000000-0000-0000-0000-000000000001','IF-000002','active',       'homeowners',   'b1000000-0000-0000-0000-000000000001','c1000000-0000-0000-0000-000000000001','2025-02-15','2026-02-15',2400.00),
  ('d1000000-0000-0000-0000-000000000003','a1000000-0000-0000-0000-000000000001','IF-000003','active',       'personal_auto','b1000000-0000-0000-0000-000000000002','c1000000-0000-0000-0000-000000000004','2025-03-01','2026-03-01',980.00),
  ('d1000000-0000-0000-0000-000000000004','a1000000-0000-0000-0000-000000000001','IF-000004','active',       'homeowners',   'b1000000-0000-0000-0000-000000000002','c1000000-0000-0000-0000-000000000003','2025-01-20','2026-01-20',3100.00),
  ('d1000000-0000-0000-0000-000000000005','a1000000-0000-0000-0000-000000000001','IF-000005','active',       'personal_auto','b1000000-0000-0000-0000-000000000003','c1000000-0000-0000-0000-000000000006','2025-04-01','2026-04-01',1150.00),
  ('d1000000-0000-0000-0000-000000000006','a1000000-0000-0000-0000-000000000001','IF-000006','active',       'homeowners',   'b1000000-0000-0000-0000-000000000003','c1000000-0000-0000-0000-000000000005','2025-05-10','2026-05-10',2750.00),
  ('d1000000-0000-0000-0000-000000000007','a1000000-0000-0000-0000-000000000001','IF-000007','active',       'personal_auto','b1000000-0000-0000-0000-000000000004','c1000000-0000-0000-0000-000000000008','2025-06-01','2026-06-01',1320.00),
  ('d1000000-0000-0000-0000-000000000008','a1000000-0000-0000-0000-000000000001','IF-000008','active',       'homeowners',   'b1000000-0000-0000-0000-000000000004','c1000000-0000-0000-0000-000000000007','2025-07-15','2026-07-15',2900.00),
  ('d1000000-0000-0000-0000-000000000009','a1000000-0000-0000-0000-000000000001','IF-000009','active',       'personal_auto','b1000000-0000-0000-0000-000000000005','c1000000-0000-0000-0000-000000000010','2025-08-01','2026-08-01',1480.00),
  ('d1000000-0000-0000-0000-000000000010','a1000000-0000-0000-0000-000000000001','IF-000010','active',       'homeowners',   'b1000000-0000-0000-0000-000000000005','c1000000-0000-0000-0000-000000000009','2025-09-01','2026-09-01',3250.00),
  ('d1000000-0000-0000-0000-000000000011','a1000000-0000-0000-0000-000000000001','IF-000011','bound',        'personal_auto','b1000000-0000-0000-0000-000000000001','c1000000-0000-0000-0000-000000000016','2026-01-01','2027-01-01',1100.00),
  ('d1000000-0000-0000-0000-000000000012','a1000000-0000-0000-0000-000000000001','IF-000012','bound',        'homeowners',   'b1000000-0000-0000-0000-000000000002','c1000000-0000-0000-0000-000000000017','2026-02-01','2027-02-01',2600.00),
  ('d1000000-0000-0000-0000-000000000013','a1000000-0000-0000-0000-000000000001','IF-000013','bound',        'personal_auto','b1000000-0000-0000-0000-000000000009','c1000000-0000-0000-0000-000000000018','2026-03-01','2027-03-01',1050.00),
  ('d1000000-0000-0000-0000-000000000014','a1000000-0000-0000-0000-000000000001','IF-000014','bound',        'homeowners',   'b1000000-0000-0000-0000-000000000010','c1000000-0000-0000-0000-000000000015','2026-01-15','2027-01-15',3400.00),
  ('d1000000-0000-0000-0000-000000000015','a2000000-0000-0000-0000-000000000002','IF-000015','bound',        'personal_auto','b1000000-0000-0000-0000-000000000006','c1000000-0000-0000-0000-000000000012','2026-03-01','2027-03-01',1200.00),
  ('d1000000-0000-0000-0000-000000000016','a2000000-0000-0000-0000-000000000002','IF-000016','active',       'homeowners',   'b1000000-0000-0000-0000-000000000007','c1000000-0000-0000-0000-000000000011','2025-06-01','2026-06-01',2800.00),
  ('d1000000-0000-0000-0000-000000000017','a2000000-0000-0000-0000-000000000002','IF-000017','active',       'personal_auto','b1000000-0000-0000-0000-000000000008','c1000000-0000-0000-0000-000000000014','2025-07-01','2026-07-01',1350.00),
  ('d1000000-0000-0000-0000-000000000018','a2000000-0000-0000-0000-000000000002','IF-000018','active',       'homeowners',   'b1000000-0000-0000-0000-000000000006','c1000000-0000-0000-0000-000000000013','2025-08-01','2026-08-01',2950.00),
  ('d1000000-0000-0000-0000-000000000019','a2000000-0000-0000-0000-000000000002','IF-000019','active',       'personal_auto','b1000000-0000-0000-0000-000000000007','c1000000-0000-0000-0000-000000000020','2025-09-15','2026-09-15',1180.00),
  ('d1000000-0000-0000-0000-000000000020','a2000000-0000-0000-0000-000000000002','IF-000020','active',       'homeowners',   'b1000000-0000-0000-0000-000000000008','c1000000-0000-0000-0000-000000000019','2025-10-01','2026-10-01',3050.00),
  ('d1000000-0000-0000-0000-000000000021','a1000000-0000-0000-0000-000000000001','IF-000021','quote',        'personal_auto','b1000000-0000-0000-0000-000000000001','c1000000-0000-0000-0000-000000000004','2026-04-01','2027-04-01',920.00),
  ('d1000000-0000-0000-0000-000000000022','a1000000-0000-0000-0000-000000000001','IF-000022','quote',        'homeowners',   'b1000000-0000-0000-0000-000000000003','c1000000-0000-0000-0000-000000000009','2026-04-15','2027-04-15',2200.00),
  ('d1000000-0000-0000-0000-000000000023','a1000000-0000-0000-0000-000000000001','IF-000023','quote',        'personal_auto','b1000000-0000-0000-0000-000000000005','c1000000-0000-0000-0000-000000000010','2026-05-01','2027-05-01',1080.00),
  ('d1000000-0000-0000-0000-000000000024','a1000000-0000-0000-0000-000000000001','IF-000024','quote',        'homeowners',   'b1000000-0000-0000-0000-000000000002','c1000000-0000-0000-0000-000000000003','2026-05-15','2027-05-15',3300.00),
  ('d1000000-0000-0000-0000-000000000025','a2000000-0000-0000-0000-000000000002','IF-000025','quote',        'personal_auto','b1000000-0000-0000-0000-000000000008','c1000000-0000-0000-0000-000000000012','2026-04-01','2027-04-01',1420.00),
  ('d1000000-0000-0000-0000-000000000026','a1000000-0000-0000-0000-000000000001','IF-000026','expired',      'personal_auto','b1000000-0000-0000-0000-000000000009','c1000000-0000-0000-0000-000000000006','2024-01-01','2025-01-01',870.00),
  ('d1000000-0000-0000-0000-000000000027','a1000000-0000-0000-0000-000000000001','IF-000027','expired',      'homeowners',   'b1000000-0000-0000-0000-000000000010','c1000000-0000-0000-0000-000000000007','2024-03-01','2025-03-01',2150.00),
  ('d1000000-0000-0000-0000-000000000028','a2000000-0000-0000-0000-000000000002','IF-000028','expired',      'personal_auto','b1000000-0000-0000-0000-000000000006','c1000000-0000-0000-0000-000000000011','2024-06-01','2025-06-01',1100.00),
  ('d1000000-0000-0000-0000-000000000029','a1000000-0000-0000-0000-000000000001','IF-000029','cancelled',    'homeowners',   'b1000000-0000-0000-0000-000000000004','c1000000-0000-0000-0000-000000000005','2024-09-01','2025-09-01',1950.00),
  ('d1000000-0000-0000-0000-000000000030','a2000000-0000-0000-0000-000000000002','IF-000030','cancelled',    'personal_auto','b1000000-0000-0000-0000-000000000007','c1000000-0000-0000-0000-000000000013','2024-11-01','2025-11-01',760.00)
on conflict (policy_number) do nothing;

-- 6. Seed claims (15 claims against active policies)
insert into public.claims (id, organization_id, policy_id, claim_number, status, incident_date, reported_date, loss_description, loss_location, severity, reserve_amount, incurred_amount, paid_amount) values
  ('e1000000-0000-0000-0000-000000000001','a1000000-0000-0000-0000-000000000001','d1000000-0000-0000-0000-000000000001','CLM-0001','investigating','2026-01-15','2026-01-17','Rear-end collision on I-405 freeway',              'Los Angeles, CA',  'high',    18500.00,12400.00, 8000.00),
  ('e1000000-0000-0000-0000-000000000002','a1000000-0000-0000-0000-000000000001','d1000000-0000-0000-0000-000000000002','CLM-0002','open',         '2026-02-03','2026-02-04','Kitchen fire causing structural damage',            'Los Angeles, CA',  'critical',95000.00,62000.00,    0.00),
  ('e1000000-0000-0000-0000-000000000003','a1000000-0000-0000-0000-000000000001','d1000000-0000-0000-0000-000000000003','CLM-0003','settled',       '2025-11-20','2025-11-22','Windshield cracked by road debris',                 'San Diego, CA',    'low',      1200.00, 1100.00, 1100.00),
  ('e1000000-0000-0000-0000-000000000004','a1000000-0000-0000-0000-000000000001','d1000000-0000-0000-0000-000000000004','CLM-0004','closed',        '2025-09-10','2025-09-12','Storm water damage to basement and floors',         'San Diego, CA',    'high',    42000.00,38000.00,38000.00),
  ('e1000000-0000-0000-0000-000000000005','a1000000-0000-0000-0000-000000000001','d1000000-0000-0000-0000-000000000005','CLM-0005','open',          '2026-02-18','2026-02-20','Hit-and-run parking lot damage',                    'Fresno, CA',       'medium',   5500.00, 3200.00,    0.00),
  ('e1000000-0000-0000-0000-000000000006','a1000000-0000-0000-0000-000000000001','d1000000-0000-0000-0000-000000000006','CLM-0006','investigating', '2026-01-28','2026-02-01','Roof damage from fallen tree during storm',          'Sacramento, CA',   'high',    28000.00,19500.00, 5000.00),
  ('e1000000-0000-0000-0000-000000000007','a1000000-0000-0000-0000-000000000001','d1000000-0000-0000-0000-000000000007','CLM-0007','settled',       '2025-12-05','2025-12-07','Rear window smashed in break-in',                   'Long Beach, CA',   'low',      2800.00, 2600.00, 2600.00),
  ('e1000000-0000-0000-0000-000000000008','a1000000-0000-0000-0000-000000000001','d1000000-0000-0000-0000-000000000008','CLM-0008','open',          '2026-03-01','2026-03-02','Burst pipe causing water damage to two floors',      'Long Beach, CA',   'critical',78000.00,52000.00,    0.00),
  ('e1000000-0000-0000-0000-000000000009','a1000000-0000-0000-0000-000000000001','d1000000-0000-0000-0000-000000000009','CLM-0009','closed',        '2025-10-15','2025-10-17','Side-swipe accident on highway',                    'Anaheim, CA',      'medium',   9400.00, 8700.00, 8700.00),
  ('e1000000-0000-0000-0000-000000000010','a1000000-0000-0000-0000-000000000001','d1000000-0000-0000-0000-000000000010','CLM-0010','investigating', '2026-02-22','2026-02-24','Vandalism and graffiti on property exterior',        'Riverside, CA',    'medium',  11500.00, 7200.00, 2000.00),
  ('e1000000-0000-0000-0000-000000000011','a2000000-0000-0000-0000-000000000002','d1000000-0000-0000-0000-000000000016','CLM-0011','open',          '2026-02-10','2026-02-12','Hail damage to roof and gutters',                   'Houston, TX',      'high',    35000.00,22000.00,    0.00),
  ('e1000000-0000-0000-0000-000000000012','a2000000-0000-0000-0000-000000000002','d1000000-0000-0000-0000-000000000017','CLM-0012','settled',       '2025-12-18','2025-12-20','Rear-end collision at traffic light',                'Dallas, TX',       'medium',   7800.00, 7200.00, 7200.00),
  ('e1000000-0000-0000-0000-000000000013','a2000000-0000-0000-0000-000000000002','d1000000-0000-0000-0000-000000000018','CLM-0013','closed',        '2025-11-05','2025-11-08','Fence and landscaping damaged by vehicle',           'Austin, TX',       'low',      3400.00, 3100.00, 3100.00),
  ('e1000000-0000-0000-0000-000000000014','a2000000-0000-0000-0000-000000000002','d1000000-0000-0000-0000-000000000019','CLM-0014','investigating', '2026-03-05','2026-03-07','Side mirror and door panel damage',                  'San Antonio, TX',  'low',      4200.00, 2800.00,  800.00),
  ('e1000000-0000-0000-0000-000000000015','a2000000-0000-0000-0000-000000000002','d1000000-0000-0000-0000-000000000020','CLM-0015','open',          '2026-03-08','2026-03-09','Foundation crack from soil shifting',                'Fort Worth, TX',   'critical',120000.00,80000.00,  0.00)
on conflict (claim_number) do nothing;

-- 7. Seed claim payments for settled/closed claims
insert into public.claim_payments (claim_id, amount, payment_date, payment_type, status, payee_name, reference_no) values
  ('e1000000-0000-0000-0000-000000000003', 1100.00,'2025-12-01','indemnity','cleared','Jennifer Lopez',  'PAY-2025-0001'),
  ('e1000000-0000-0000-0000-000000000004',38000.00,'2025-11-15','indemnity','cleared','Michael Chen',    'PAY-2025-0002'),
  ('e1000000-0000-0000-0000-000000000007', 2600.00,'2026-01-10','indemnity','cleared','Lisa Thompson',   'PAY-2026-0001'),
  ('e1000000-0000-0000-0000-000000000009', 8700.00,'2025-12-20','indemnity','cleared','Daniel Wilson',   'PAY-2025-0003'),
  ('e1000000-0000-0000-0000-000000000012', 7200.00,'2026-01-20','indemnity','cleared','Jessica Taylor',  'PAY-2026-0002'),
  ('e1000000-0000-0000-0000-000000000013', 3100.00,'2025-12-10','indemnity','cleared','Christopher Harris','PAY-2025-0004'),
  ('e1000000-0000-0000-0000-000000000001', 8000.00,'2026-02-15','indemnity','issued', 'Robert Patel',    'PAY-2026-0003'),
  ('e1000000-0000-0000-0000-000000000006', 5000.00,'2026-03-01','indemnity','issued', 'Kevin Williams',  'PAY-2026-0004'),
  ('e1000000-0000-0000-0000-000000000010', 2000.00,'2026-03-10','indemnity','issued', 'Patricia Moore',  'PAY-2026-0005'),
  ('e1000000-0000-0000-0000-000000000014',  800.00,'2026-03-12','indemnity','issued', 'Sandra Clark',    'PAY-2026-0006');

-- 8. Seed endorsements for active policies
insert into public.endorsements (policy_id, endorsement_number, description, premium_change, status, effective_date) values
  ('d1000000-0000-0000-0000-000000000001','END-001','Added roadside assistance coverage',  45.00,'accepted','2025-04-01'),
  ('d1000000-0000-0000-0000-000000000002','END-002','Increased dwelling limit to $450,000', 180.00,'accepted','2025-06-01'),
  ('d1000000-0000-0000-0000-000000000004','END-003','Added earthquake endorsement',         220.00,'accepted','2025-05-01'),
  ('d1000000-0000-0000-0000-000000000005','END-004','Added rental reimbursement rider',      38.00,'accepted','2025-07-01'),
  ('d1000000-0000-0000-0000-000000000007','END-005','Lowered deductible from $1000 to $500',90.00,'accepted','2025-09-01'),
  ('d1000000-0000-0000-0000-000000000016','END-006','Added pool and detached garage rider', 130.00,'draft',   '2026-04-01'),
  ('d1000000-0000-0000-0000-000000000018','END-007','Added umbrella liability rider',        75.00,'accepted','2025-10-01');

-- 9. Seed coverages
insert into public.coverages (policy_id, coverage_code, coverage_name, limit_amount, deductible_amount, premium_amount) values
  ('d1000000-0000-0000-0000-000000000001','BI',   'Bodily Injury Liability',   100000.00, 0.00,   380.00),
  ('d1000000-0000-0000-0000-000000000001','PD',   'Property Damage Liability', 100000.00, 0.00,   240.00),
  ('d1000000-0000-0000-0000-000000000001','COMP', 'Comprehensive',              50000.00,500.00,  320.00),
  ('d1000000-0000-0000-0000-000000000001','COLL', 'Collision',                  50000.00,500.00,  344.00),
  ('d1000000-0000-0000-0000-000000000002','DW',   'Dwelling Coverage',         400000.00,1000.00,1200.00),
  ('d1000000-0000-0000-0000-000000000002','PP',   'Personal Property',         100000.00, 500.00, 480.00),
  ('d1000000-0000-0000-0000-000000000002','LIAB', 'Personal Liability',        300000.00,   0.00, 360.00),
  ('d1000000-0000-0000-0000-000000000002','ALE',  'Additional Living Expense',  60000.00,   0.00, 360.00),
  ('d1000000-0000-0000-0000-000000000004','DW',   'Dwelling Coverage',         450000.00,1000.00,1650.00),
  ('d1000000-0000-0000-0000-000000000004','PP',   'Personal Property',         120000.00, 500.00, 840.00),
  ('d1000000-0000-0000-0000-000000000004','LIAB', 'Personal Liability',        500000.00,   0.00, 610.00);

-- Done!
select 'Seed complete! Counts:' as message;
select 'agents'       as table_name, count(*) from public.agents       union all
select 'policyholders',               count(*) from public.policyholders union all
select 'policies',                    count(*) from public.policies      union all
select 'claims',                      count(*) from public.claims        union all
select 'claim_payments',              count(*) from public.claim_payments union all
select 'endorsements',                count(*) from public.endorsements   union all
select 'coverages',                   count(*) from public.coverages;
